<?xml version="1.0" encoding="UTF-8"?>
<templates id="template" xml:space="preserve">
    
    <t t-name="CustomerCreditListScreenWidget">
        <div class="creditlist-screen screen">
            <div class="screen-content" style="max-width: 1275px;">
                <section class="top-content">
                    <span class='button back'>
                        <i class='fa fa-angle-double-left' />
                        Back
                    </span>
                    <span class="date-filter">
                        <input placeholder="yyyy-mm-dd" type="text" id="datepicker" readonly="readonly" style="padding: 2px;"/>
                        <i class="fa fa-times" style="margin: -25px;font-size: 18px;cursor: pointer;"/>
                    </span>
                </section>
                <section class="full-content">
                    <div class='window'>
                        <section class='subwindow collapsed'>
                            <div class='subwindow-container collapsed'>
                                <div class='subwindow-container-fix credit-details-contents'>
                                </div>
                                <div>
                                    <button class='print-ledger' style="font-size: 20px;width: 245px;margin-top: -18px;">
                                        <i class="fa fa-print" />
                                        Print Credit Statement
                                    </button>
                                </div>
                            </div>
                        </section>
                        <section class='subwindow'>
                            <div class='subwindow-container'>
                                <div class='subwindow-container-fix touch-scrollable scrollable-y'>
                                    <div>
                                        <table class='credit-list' style="position: absolute;">
                                            <thead>
                                                <tr>
                                                    <th>Date</th>
                                                    <th>Cashier</th>
                                                    <th>Credit</th>
                                                    <th>Debit</th>
                                                </tr>
                                            </thead>
                                            <tbody class='credit-list-contents'>
                                            </tbody>
                                        </table>
                                    </div>
                                </div>
                            </div>
                        </section>
                    </div>
                </section>
            </div>
        </div>
    </t>

    <t t-name="CreditlistLine">
        <tr class='order-line' t-att-data-id='record.partner_id[0]'>
            <td><t t-esc='record.create_date.split(" ")[0]' /></td>
            <td><t t-esc='record.write_uid[1]' /></td>
            <td><t t-esc='record.credit.toFixed(2)' /></td>
            <td><t t-esc='record.debit.toFixed(2)' /></td>
        </tr>
    </t>

    <t t-name="CustomerCreditDisplay">
        <section class='client-info'>
            <div class='client-picture'>
                <img t-att-src='widget.partner_icon_url(partner.id)' />
            </div>
            <div class='client-name'><t t-esc='partner.name' /></div>
        </section>
    </t>

    <t t-name="AddedCreditReceipt">
        <div class="pos-sale-ticket">
            <t t-esc="widget.pos.company.name"/><br />
            <div class="receipt-phone">
                Phone: <t t-esc="widget.pos.company.phone || ''"/>
            </div>
            <div class="receipt-user">
                User: <t t-esc="widget.pos.get_cashier().name"/>
            </div>
            <br />
            <table>
                <tr>
                    <td class="pos-left-align" style="text-align: left;"><b>Customer Name:</b></td>
                    <td class="pos-right-align">
                        <t t-esc="widget.pos.db.get_partner_by_id(partner_id).name" />
                    </td>
                </tr>
                <tr>
                    <td class="pos-left-align" style="text-align: left;"><b>Journal:</b></td>
                    <t t-foreach="widget.pos.cashregisters" t-as="journals">
                        <t t-if="journals.journal_id[0] == get_journal_id">
                            <td class="pos-right-align">
                                <t t-esc="journals.journal_id[1]"/>
                            </td>
                        </t>
                    </t>
                </tr>
                <tr>
                    <t t-if="widget.pay_due">
                        <t t-if="amt_due > 0">
                            <td class="pos-left-align" style="text-align: left;"><b>Amount Due:</b></td>
                            <td class="pos-right-align">
                                <t t-esc="widget.format_currency(amt_due.toFixed(2))"/>
                            </td>
                        </t>
                    </t>
                </tr>
                <tr>
                    <td class="pos-left-align"><b>Total Credit:</b></td>
                    <td class="pos-right-align">
                        <t t-esc="widget.format_currency((amount).toFixed(2))" />
                    </td>
                </tr>

            </table>
        </div>
    </t>
    
    <t t-name="CreditStatementReceipt">
        <div class="pos-sale-ticket">
            <table>
                <tr>
                    <td class="pos-left-align" style="text-align: left;"><b>Customer Name:</b></td>
                    <td class="pos-left-align">
                        <t t-esc="widget.pos.get_order().get_client_name()" />
                    </td>
                </tr><br />
            </table>
            <table>
                <th class="pos-left-align"><br />Date</th>
                <th class="pos-center-align" style="text-align: right;font-size: 12px;"><br />Cr.(<t t-esc="widget.format_currency('')"/> )</th>
                <th class="pos-right-align" style="font-size: 12px;"><br />Dr.(<t t-esc="widget.format_currency('')"/> )</th>
                <t t-foreach="records" t-as="record">
                    <tr>
                        <td class="pos-center-align" style="text-align: left;">
                            <t t-esc="record.create_date.split(' ')[0]"/>
                        </td>
                        <td class="pos-center-align" style="text-align: right;">
                            <t t-esc="record.credit.toFixed(2)"/>
                        </td>
                        <td class="pos-right-align">
                            <t t-esc="record.debit.toFixed(2)"/>
                        </td>
                    </tr>
                </t>
            </table>
            <table>
                <tr>
                    <t t-set="Total_Credit" t-value="0" />
                    <td class="pos-left-align">
                        <b>Cr. Total:</b>
                    </td>
                    <td>
                        <t t-foreach="records" t-as="record">
                            <t t-if="record.credit">
                                <t t-set="Total_Credit" t-value="Total_Credit + record.credit"/>
                            </t>
                        </t>
                        <t t-esc="widget.format_currency(Total_Credit.toFixed(2))"
                           class="pos-left-align" style="text-align: right;"/>
                    </td>
                </tr>
                <tr>
                    <br />
                    <t t-set="Total_Debit" t-value="0" />
                    <td class="pos-left-align">
                        <b>Dr. Total:</b>
                    </td>
                    <td>
                        <t t-foreach="records" t-as="record">
                            <t t-if="record.debit">
                                <t t-set="Total_Debit" t-value="Total_Debit + record.debit"/>
                            </t>
                        </t>
                        <t t-esc="widget.format_currency(Total_Debit.toFixed(2))"
                           class="pos-left-align" style="text-align: right;"/>
                    </td>
                </tr>
                <tr>
                    <br />
                    <t t-set="Total" t-value="0" />
                    <td class="pos-left-align">
                        <b>Balance:</b>
                    </td>
                    <td>
                        <t t-foreach="records" t-as="record">
                            <t t-if="record.debit or record.credit">
                                <t t-set="Total" t-value="(Total_Credit - Total_Debit)"/>
                            </t>
                        </t>
                        <t t-esc="widget.format_currency(Total.toFixed(2))"
                           class="pos-left-align" style="text-align: right;"/>
                    </td>
                </tr>
            </table>
        </div>
    </t>
    
    <t t-name="PrintCustomerCreditDetailPopup">
        <div class="modal-dialog">
            <div class="popup popup-customer-credit" style="height: 273px;">
                <div class='title' style="height: 23px;">
                    <p style="margin-top: 0px;">Credit Ledger</p>
                </div>
                <div class="in-out-statment" style="display: inline-table; margin: 18px;">
                    <table style="margin-top: 10px;align-items: center;">
                        <tbody style="padding: 10px;font-size: 16px;font-weight: bold;">
                            <tr>
                                <td style="text-align: left;">Start Date</td>
                                <td class="start-date" style="text-align: right;">
                                    <input type="date" style="margin-left: 57px;width: 165px;font-size: 16px;height: 40px;max-height: 40px;min-height: 40px;" class="pos-right-align"/>
                                </td>
                            </tr>
                            <tr>
                                <td style="text-align: left;">End Date</td>
                                <td style="text-align: right;" class="end-date">
                                    <input type="date" style="width: 165px;margin-top: 14px;font-size: 16px;height: 40px;max-height: 40px;min-height: 40px;" class="pos-right-align"/>
                                </td>
                            </tr>
                        </tbody>
                    </table>
                </div>
                <div class="footer">
                    <div class="button confirm">
                        Print
                    </div>
                    <div class="button cancel">
                        Cancel
                    </div>
                </div>
            </div>
        </div>
    </t>
    
</templates>