<?xml version="1.0" encoding="UTF-8"?>
<templates id="template" xml:space="preserve">

	<t t-name="DeliveryDetailsScreenWidget">
        <div class="delivery-details-screen screen">
            <div class="screen-content">
                <section class="top-content">
                    <span class='button back'>
                        <i class='fa fa-angle-double-left'></i>
                        Back
                    </span>
                    <span class='button reload_delivery_orders' style="left: 130px;line-height: 30px;">
                        <i class="fa fa-refresh reload_order" aria-hidden="true"></i>
                        Reload
                    </span>
                </section>
                <section class="full-content">
                    <div class='window'>
                        <section class='subwindow'>
                            <div class='subwindow-container'>
                                <div class='subwindow-container-fix touch-scrollable scrollable-y '>
                                    <div style="height: calc(100vh - 110px);overflow: auto;">
                                        <table class='order-list' style="display:none;">
                                            <thead>
                                                <tr>
                                                    <th>Order Ref</th>
                                                    <th>Receipt Ref</th>
                                                    <th>Customer</th>
                                                    <th>Order Date</th>
                                                    <th>Delivery Date</th>
                                                    <th>Delivery Time</th>
                                                    <th>Delivery Address</th>
                                                    <th>Total</th>
                                                    <th/>
                                                </tr>
                                            </thead>
                                            <tbody  class='order-list-contents'>
                                            </tbody>
                                        </table>
                                        <div>
                                            <div class="kanban-delivery-orders"/>
                                        </div>
                                    </div>
                                </div>
                            </div>
                        </section>
                    </div>
                </section>
            </div>
        </div>
    </t>

    <t t-name="DeliveryOrderViews">
        <div t-att-data-order-id="order.id" class="delivery_order_container">
            <div>
	            <div class="delivery_header">
	                <div class="order_name">
	                    <t t-esc="order.pos_reference"/>
	                </div>
	                <div class="order_state">
	                   <t t-if="order.state != 'draft'">
	                       <span> Paid </span>
	                   </t>
	                   <t t-else="">
	                       <div class="blinking"> Unpaid </div>
	                   </t>
	                </div>
	            </div>
	            <div class="delivery_body">
	                <div>
	                    <table>
	                        <tr>
	                            <td style="border-right: 1px solid #555;width: 30%;">
	                                Customer
	                            </td>
	                            <td>
	                                <t t-esc="order.partner_id[1] or 'None'"/>
	                            </td>
	                        </tr>
	                        <tr>
                                <td style="border-right: 1px solid #555;">
                                    Date
                                </td>
                                <td>
                                    <t t-esc="order.delivery_date or '-'"/>
                                </td>
                            </tr>
                            <tr>
                                <td style="border-right: 1px solid #555;">
                                    Time
                                </td>
                                <td>
                                    <t t-esc="order.delivery_time or '-'"/>
                                </td>
                            </tr>
                            <tr>
                                <td style="border-right: 1px solid #555;">
                                    Address
                                </td>
                                <td>
                                    <div class="delivery_address">
                                        <t t-esc="order.delivery_address or '-'"/>
                                    </div>
                                </td>
                            </tr>
                            <tr>
                                <td style="border-right: 1px solid #555;">
                                    Amount
                                </td>
                                <td>
                                    <t t-esc="widget.format_currency(order.amount_total) or ''"/>
                                </td>
                            </tr>
	                    </table>
	                </div>
	            </div>
	            <div class="delivery_footer">
                    <div id="change_deliver_state"
                         t-att-data-id='order.id'
                         t-att-data-delivery-state="order.delivery_type"
                         t-att-data-order-state="order.state"
                         style="cursor:pointer">
                        <t t-if="order.delivery_type == 'pending'">
                            Delivered
                        </t>
	                </div>
	                <div id="change_delivery_user" 
	                     title="Change Delivery User" 
	                     t-att-data-id='order.id' 
	                     t-att-data-delivery-user-id="order.delivery_user_id[0]">
	                    <i class="fa fa-user" aria-hidden="true"></i>
	                    <t t-esc="order.delivery_user_id[1]"/>
	                </div>
	            </div>
            </div>
        </div>
    </t>
</templates>